pair,date,high,low,open,close,volume
USDT_BTC,1622548800,100.72842175556048,95.69200066778245,97.87134254801713,98.87936657493348,122194005
USDT_BTC,1622545200,102.18725739677858,97.07789452693964,99.62918264013979,99.62974972171482,90812462.85
USDT_BTC,1622541600,101.16989960504426,96.11140462479204,98.83217877172231,98.59708151123739,101992700.9
USDT_BTC,1622538000,101.62450160773598,96.54327652734918,99.38389641675369,99.39585091488244,98565251.35
USDT_BTC,1622534400,99.95243357350483,94.95481189482959,97.23187011417565,96.33611247567968,210515123.7
USDT_BTC,1622530800,97.42613044864218,92.55482392621008,94.12053024833777,94.63723612041063,100313042.7
USDT_BTC,1622527200,101.79861982121452,96.70868883015379,99.98788873468669,99.98095732352942,111290611.2
USDT_BTC,1622523600,101.85271852306988,96.76008259691638,98.4116818140225,98.65346623021378,96537837.28
USDT_BTC,1622520000,99.77269154097121,94.78405696392264,96.49785173262092,97.34251294689108,64976976.77
USDT_BTC,1622516400,98.60632958848221,93.67601310905809,95.81931999474862,95.62746191810547,116905766.8
USDT_BTC,1622512800,104.58960767390302,99.36012729020786,102.49954406702948,102.00989164177936,113551230.2
USDT_BTC,1622509200,101.31675418577811,96.2509164764892,98.85005116241219,99.21520579359836,118173642.8
USDT_BTC,1622505600,100.67362278440329,95.63994164518313,98.05515205203736,98.8779638231099,196926607.5
USDT_BTC,1622502000,104.7333275939856,99.49666121428632,102.96581073450021,102.87987093032844,98660484.55
USDT_BTC,1622498400,103.390620187487,98.22108917811265,101.03556538201549,100.68787853103291,86091105.8
USDT_BTC,1622494800,101.48266845991155,96.40853503691596,100.12054859600109,98.97988282871654,54590957.95
USDT_BTC,1622491200,103.67823299576088,98.49432134597284,101.06042304189619,101.56777138668853,62422937.08
USDT_BTC,1622487600,104.19424016100581,98.98452815295552,102.56506317581508,101.61605533003636,72040569.56
USDT_BTC,1622484000,102.9885855696894,97.83915629120493,100.58337481870457,100.45431622689645,70542843.95
USDT_BTC,1622480400,101.8967577661979,96.801919877888,99.33874129634448,99.20163128210595,147660645
USDT_BTC,1622476800,105.63090478204617,100.34935954294386,103.01735099544479,103.54489046210858,234665903
USDT_BTC,1622473200,102.99377383953887,97.84408514756193,100.41229758914345,100.18108801417883,153858395.1
USDT_BTC,1622469600,105.02466950340052,99.77343602823049,102.9241287396954,102.2298293336123,158281846.4
USDT_BTC,1622466000,103.48381492028349,98.30962417426932,100.8863618031638,100.87755096422082,185178921.1
USDT_BTC,1622462400,105.05468169492728,99.80194761018092,101.50065560202137,101.78799443098241,186290637
USDT_BTC,1622458800,104.88987035695536,99.64537683910758,101.95530423474563,102.13090036034711,190891250.1
USDT_BTC,1622455200,103.29974143777228,98.13475436588367,101.01989806174242,99.93238007559762,320451182.7
USDT_BTC,1622451600,104.69277161317684,99.45813303251799,102.51300509743244,101.72818347659731,157177579.6
USDT_BTC,1622448000,106.07249872122003,100.76887378515902,104.11540935136365,102.18908907920915,168933078.3
USDT_BTC,1622444400,104.14800429694577,98.94060408209847,101.60511328344201,102.48436411870077,213849731.4
USDT_BTC,1622440800,105.63743079650548,100.35555925668021,102.59480468448986,102.69775857001649,137432996.9
USDT_BTC,1622437200,102.50602534172724,97.38072407464087,99.19296335362903,99.30820402427537,121336201.3
USDT_BTC,1622433600,100.33027432480364,95.31376060856346,97.92746783811398,98.26747564700077,92043491.16
USDT_BTC,1622430000,101.97098069415338,96.87243165944571,99.9039750117928,99.39554596750234,118597529.7
USDT_BTC,1622426400,99.79388307961655,94.80418892563571,97.14853604831585,97.51694712159552,133842135.9
USDT_BTC,1622422800,103.09752710034797,97.94265074533057,100.60205957249086,100.26229298462609,121477337.4
USDT_BTC,1622419200,100.47123451998674,95.4476727939874,98.10207958568253,98.44832543953135,119729973.9
USDT_BTC,1622415600,101.69806644162756,96.61316311954617,99.60501411859877,99.3149724267607,57169174.33
USDT_BTC,1622412000,99.3963981351928,94.42657822843316,97.22920450229688,95.98733685018003,61845441.63
USDT_BTC,1622408400,96.91658053144184,92.07075150486975,95.36524462105866,94.99854476558447,55731642.82
USDT_BTC,1622404800,97.3595705813859,92.49159205231659,95.48426724121138,94.41232696622184,103664608.3
USDT_BTC,1622401200,96.18664556059447,91.37731328256474,94.3959946824855,94.40397955640857,58120993.68
USDT_BTC,1622397600,98.75070066250828,93.81316562938287,96.25554861510898,96.30103907467218,107074483
USDT_BTC,1622394000,97.39710446186677,92.52724923877344,95.44199529183705,95.45956020948903,78456527.12
USDT_BTC,1622390400,97.08814882261883,92.23374138148789,94.9937314095117,94.10432875897727,105816196.1
USDT_BTC,1622386800,98.1960560220791,93.28625322097514,95.4998652150914,96.00390447451079,78381085.58
USDT_BTC,1622383200,96.7471826996825,91.90982356469837,95.01647107450256,93.9636518508964,111352590.4
USDT_BTC,1622379600,96.45924248906758,91.6362803646142,94.56260105075916,93.93814863244127,100905892
USDT_BTC,1622376000,94.99109611163925,90.24154130605729,92.59122129424289,92.71734590152202,173937486.5
USDT_BTC,1622372400,95.63178710670701,90.85019775137165,92.80528943804195,92.7751110794269,145323843.4
USDT_BTC,1622368800,94.23074837722113,89.51921095836008,92.50347029909278,92.00634134187906,98745851.24
USDT_BTC,1622365200,90.98332499166116,86.4341587420781,88.16842567216786,88.85899824929778,76117938.65
USDT_BTC,1622361600,93.92517121286176,89.22891265221867,90.84796651991316,91.26827082018035,118728731.2
USDT_BTC,1622358000,89.45915313087967,84.98619547433569,87.3332532885332,88.16911082242615,146548011.3
USDT_BTC,1622354400,93.76521929764556,89.07695833276328,92.45935999761726,90.77055852246103,166608363.9
USDT_BTC,1622350800,93.22701668815604,88.56566585374823,90.81886731536096,91.40443588932177,145924860.6
USDT_BTC,1622347200,90.05791836056054,85.5550224425325,87.77635939570162,88.38469057348742,125181274.2
USDT_BTC,1622343600,88.96330222568761,84.51513711440323,86.5684326294377,87.19992706554861,101174774.5
USDT_BTC,1622340000,89.39754299815613,84.92766584824831,87.23311958693566,87.25360530187271,89074825.43
USDT_BTC,1622336400,86.38428383277014,82.06506964113163,84.37923207074962,83.15114120960045,91097967.23
USDT_BTC,1622332800,85.21835288541598,80.95743524114518,82.96718437222866,83.10692026828971,205012385.1
USDT_BTC,1622329200,83.29910181517452,79.1341467244158,81.63020950740626,81.86196757290847,131158843.1
USDT_BTC,1622325600,88.06663027175694,83.66329875816909,85.43165047930019,86.27372570910862,83879883.12
USDT_BTC,1622322000,86.4418176829517,82.11972679880411,84.78442414459572,84.03174209346707,114348571.5
USDT_BTC,1622318400,88.19819791410697,83.78828801840162,86.16745492427573,85.87648854658856,158829092.6
USDT_BTC,1622314800,84.75863730269353,80.52070543755885,82.26918210060188,82.60876484445897,140430109.2
USDT_BTC,1622311200,78.6126704823471,74.68203695822974,76.1176623339072,76.43205210522,185151195.2
USDT_BTC,1622307600,81.53648734073008,77.45966297369357,79.54772549154522,80.11945176066793,205825824.2
USDT_BTC,1622304000,75.76563903960285,71.9773570876227,74.44147398383996,73.45639085426615,214037791.7
USDT_BTC,1622300400,76.84830709465002,73.00589173991752,75.15204201096365,74.75750219952695,330081680
USDT_BTC,1622296800,75.36354604737136,71.59536874500279,73.34347016085306,73.1238005399351,215487178.6
USDT_BTC,1622293200,76.19752100457008,72.38764495434157,74.00983740173442,74.73569798858637,274765199.4
USDT_BTC,1622289600,71.83995257022502,68.24795494171377,69.71951593254771,70.29674740017532,173866115.8
USDT_BTC,1622286000,72.03075805327684,68.42922015061299,70.19904883560343,70.1020024208581,216141324.8
USDT_BTC,1622282400,76.85209879015461,73.00949385064688,74.81518072177222,75.60362685746227,117187091.3
USDT_BTC,1622278800,74.03893166460102,70.33698508137097,72.20967893488128,72.61812196052439,227642392.5
USDT_BTC,1622275200,69.44424601336728,65.97203371269892,67.38417106779424,67.90241229776959,125944953.2
USDT_BTC,1622271600,68.97216149660058,65.52355342177054,67.38253438218138,67.07664107892828,126533997.5
USDT_BTC,1622268000,68.39220169655113,64.97259161172357,67.09270530349671,66.42822783292178,107203274.3
USDT_BTC,1622264400,69.57285430050662,66.09421158548129,67.97752174325828,67.57667310598738,186107916.1
USDT_BTC,1622260800,69.22246146784367,65.76133839445149,67.97885027970625,67.38263927911682,125984686.7
USDT_BTC,1622257200,66.3261631937449,63.00985503405766,64.77274353855925,64.33141052909099,100231637.7
USDT_BTC,1622253600,65.2618490815559,61.998756627478095,63.478177418780746,63.625657867166645,134320529
USDT_BTC,1622250000,63.44570484535484,60.27341960308709,61.6422677239897,62.071565502760464,111228863.9
USDT_BTC,1622246400,59.85177668777787,56.859187853388974,58.69908191103914,57.95072035433009,143455184
USDT_BTC,1622242800,63.77088311662729,60.58233896079592,61.86870996862355,61.915861746771014,129674041.6
USDT_BTC,1622239200,63.45105071117276,60.27849817561412,61.87602752211459,62.009584102216735,183745768.8
USDT_BTC,1622235600,59.10672974833537,56.151393260918596,57.25960274366298,57.27327831374466,248149599.7
USDT_BTC,1622232000,59.72908656122378,56.74263223316259,58.237885635322264,58.528708407825924,209437195.5
USDT_BTC,1622228400,56.939621419008304,54.092640348057884,55.17727859139318,54.99275319065585,189112516.1
USDT_BTC,1622224800,56.93535456679322,54.08858683845356,55.75920106151128,55.96550361236188,157052322.4
USDT_BTC,1622221200,52.39018876633919,49.77067932802223,50.7821636822334,51.0046466887662,193182777.1
USDT_BTC,1622217600,54.654173289813805,51.92146462532311,53.20102956390275,53.44011743716053,287202560.1
USDT_BTC,1622214000,55.46333869000525,52.690171755504984,53.86724617836569,54.39387452759476,130477276.6
USDT_BTC,1622210400,53.14632777348805,50.48901138481365,52.04932926850927,51.98035925039708,133806025.4
USDT_BTC,1622206800,56.06441732549291,53.26119645921826,54.7023512710743,54.385932937519314,234158668.6
USDT_BTC,1622203200,52.64766929203631,50.0152858274345,51.05190538897709,51.245169219050446,332240545.3
USDT_BTC,1622199600,53.29356360973477,50.62888542924803,52.31421079568277,52.38418657274726,224790840.4
USDT_BTC,1622196000,52.12986595116489,49.52337265360664,51.12780709357713,50.88006783235524,228363624.3
USDT_BTC,1622192400,51.35860288103057,48.79067273697904,49.8569078453751,49.72189040514245,354141970.6
USDT_BTC,1622188800,49.041284299592974,46.58922008461332,47.89388070722217,47.66692724899886,287909047.2
USDT_BTC,1622185200,54.25264780399056,51.54001541379103,52.75061121868448,53.20731751958665,246738863.4
USDT_BTC,1622181600,47.63919737206454,45.257237503461305,46.408837326996526,45.98277370740547,242862100.4
USDT_BTC,1622178000,48.54143443589962,46.11436271410464,47.762285509492514,47.11904102732178,230120809
USDT_BTC,1622174400,50.122577095482,47.616448240707896,48.71784056806507,49.05672592342748,225827187.4
USDT_BTC,1622170800,44.54678898401971,42.31944953481872,43.496856330689134,43.16431419737801,95009772.86
USDT_BTC,1622167200,48.568913465190334,46.14046779193082,47.50928785477184,47.77719415571493,80772392.38
USDT_BTC,1622163600,44.373810645286426,42.1551201130221,43.05691631034757,42.99169261986287,120865791.9
USDT_BTC,1622160000,44.5323501329628,42.30573262631466,43.38094989946175,43.38365414322797,160619245
USDT_BTC,1622156400,51.26336835488071,48.700199937136674,50.17421977286279,50.10792889048258,84198712.49
USDT_BTC,1622152800,49.81212266795018,47.321516534552664,48.48881157238493,48.83346339838095,100720455.6
USDT_BTC,1622149200,44.947474642965176,42.700100910816914,43.753498976336935,43.630156612107314,132040356.4
USDT_BTC,1622145600,41.96730965770135,39.86894417481628,41.034761284426736,40.768185186174584,89887463.81
USDT_BTC,1622142000,44.290379982462525,42.075860983339396,43.19105236567275,43.25258389432322,100838351.1
USDT_BTC,1622138400,47.75491251709327,45.367166891238604,46.652657393281544,46.45726436289467,73102056.22
USDT_BTC,1622134800,46.39080452560929,44.071264299328824,45.180453443252134,45.022621111677964,125867669
USDT_BTC,1622131200,49.38321973365315,46.91405874697049,47.61919506947415,47.98661358526718,250509368.2
USDT_BTC,1622127600,50.78823422105421,48.248822510001496,49.91577501177576,50.17196861781974,174204735.7
USDT_BTC,1622124000,51.37852816966702,48.809601761183664,49.901473540142284,49.62235173202905,135613376.1
USDT_BTC,1622120400,50.59840060643174,48.06848057611015,49.64438147753869,48.87992870854567,248529842.1
USDT_BTC,1622116800,50.49777035119955,47.97288183363957,49.12011376013381,49.21883920909624,175126213.5
USDT_BTC,1622113200,51.8647983198995,49.27155840390452,50.64997498831105,50.88857012949783,165054384.3
USDT_BTC,1622109600,52.64481459595707,50.012573866159215,51.40439207945097,51.41423072017611,155805336.3
USDT_BTC,1622106000,49.401366018399415,46.93129771747944,48.30413997341304,47.92703488705744,143116390.3
USDT_BTC,1622102400,54.56787762326832,51.8394837421049,53.00913455577976,53.688558892618595,170723409.6
USDT_BTC,1622098800,55.5545956437886,52.77686586159917,54.3767836688468,54.53940007840455,90158790.61
USDT_BTC,1622095200,51.72173320765715,49.13564654727429,50.657571753394464,50.60205864393612,109052629
USDT_BTC,1622091600,52.64449596991567,50.01227117141988,51.0174645814084,51.593800824335695,129561520.5
USDT_BTC,1622088000,53.49920475309152,50.82424451543694,51.83004273685133,52.36173847408002,100127744.1
USDT_BTC,1622084400,53.81525003693061,51.12448753508407,52.01311856453709,52.40398823091563,151273829.3
USDT_BTC,1622080800,51.50647180647066,48.93114821614712,50.2534911241101,50.37694783032047,136921782.2
USDT_BTC,1622077200,58.55846467628372,55.63054144246953,56.68845370199472,56.73726712751804,186680198.4
USDT_BTC,1622073600,57.48457674765902,54.61034791027607,55.8114899771403,56.33241400109921,132298911.2
USDT_BTC,1622070000,60.28320779355777,57.26904740387988,58.85055328960089,58.470018054969174,107986204.9
USDT_BTC,1622066400,64.39229768244229,61.172682798320174,63.014180152806524,63.26417627637856,96061722.93
USDT_BTC,1622062800,62.445128796208394,59.32287235639797,60.71078616305975,60.772910087286355,117298476.8
USDT_BTC,1622059200,62.206374787069116,59.096056047715656,60.555043262443604,60.45461476597884,116812909.9
USDT_BTC,1622055600,62.994382335405696,59.84466321863541,61.36783703124658,61.34904051439268,182699869
USDT_BTC,1622052000,64.36308058942979,61.14492655995829,62.50791617197128,62.90510179022028,130465974.4
USDT_BTC,1622048400,65.39081330890959,62.1212726434641,63.64626758529118,64.06871744433245,193815887.7
USDT_BTC,1622044800,69.853179030643,66.36052007911086,67.8695304100842,68.2527496838902,180248435.5
USDT_BTC,1622041200,65.81166679287169,62.5210834532281,63.69747709210217,64.37541099799475,237471856.7
USDT_BTC,1622037600,66.73993008486374,63.402933580620555,65.26205385052612,64.85010086001743,207684105.3
USDT_BTC,1622034000,69.63208105982467,66.15047700683344,68.1343258050599,68.37900669569969,287655917
USDT_BTC,1622030400,72.02882364818312,68.42738246577396,69.75880449969729,70.63740318153843,172753936
USDT_BTC,1622026800,74.80871698725132,71.06828113788875,73.00421631011527,72.55819492878858,124627911.6
USDT_BTC,1622023200,74.38451399058303,70.66528829105387,72.0455640360282,72.35830061376342,204294319.3
USDT_BTC,1622019600,71.05236260375443,67.49974447356671,69.36422438684613,69.3266569995943,108695403.6
USDT_BTC,1622016000,78.0670967437343,74.16374190654759,76.4577825833999,76.56878262037361,259202807.1
USDT_BTC,1622012400,76.26376260669059,72.45057447635605,74.45186372939769,74.93692355528076,154758323.2
USDT_BTC,1622008800,80.22588114186482,76.21458708477158,78.14866544060712,78.66682707609318,330800678.8
USDT_BTC,1622005200,79.48702841481771,75.51267699407683,77.97728580583941,77.05223522579261,122546660.7
USDT_BTC,1622001600,82.86314359128937,78.7199864117249,80.567473312329,80.77947313411474,121947164.7
USDT_BTC,1621998000,79.0327069244425,75.08107157822036,77.5407711748377,76.5386205774764,134768133.8
USDT_BTC,1621994400,82.64127315292929,78.50920949528282,80.06648008043051,80.11682124924052,249964412.2
USDT_BTC,1621990800,81.7994258487539,77.7094545563162,79.82865318306453,79.64182872192109,129409884.6
USDT_BTC,1621987200,85.71670351210948,81.43086833650399,83.4998236150484,83.34535190195065,141746509.4
USDT_BTC,1621983600,83.10113487999861,78.94607813599868,80.72048166405182,80.59935940888579,83927516
USDT_BTC,1621980000,88.14131799431509,83.73425209459933,84.88181865086652,85.78386361596905,141277250.2
USDT_BTC,1621976400,85.949828625865,81.65233719457174,83.63635628652135,83.71768321706794,89409482.74
USDT_BTC,1621972800,89.22329340029157,84.76212873027698,87.66557069949806,86.61707740568455,94457166.02
USDT_BTC,1621969200,84.86584836535839,80.62255594709046,83.54410273718047,82.46715379678254,130174586.5
USDT_BTC,1621965600,89.81530184763436,85.32453675525264,87.5994053602243,87.47678488461327,103220157.8
USDT_BTC,1621962000,90.12307455732301,85.61692082945686,88.08345621208547,88.02839365420657,101641094.3
USDT_BTC,1621958400,94.86336845245422,90.12020002983151,93.608081337114,92.13020510268552,143345228.7
USDT_BTC,1621954800,97.11605564809547,92.26025286569069,94.89014845605062,95.0731520394756,327818021.7
USDT_BTC,1621951200,93.7565425263928,89.06871540007316,91.70412786851709,91.10384885191132,226865980.7
USDT_BTC,1621947600,92.30706721559909,87.69171385481913,90.08198089337486,90.16644375340286,264811068.2
USDT_BTC,1621944000,95.00000573888553,90.25000545194125,93.07409235837099,92.21218647736745,199205471.9
USDT_BTC,1621940400,97.08761891730533,92.23323797144006,94.09085752596734,95.05893396224522,218781549.2
USDT_BTC,1621936800,93.49533208594937,88.8205654816519,91.50349275180376,91.80968110347477,328174302.1
USDT_BTC,1621933200,98.90599987330421,93.960699879639,95.92374767695212,96.45765816493865,159713714.3
USDT_BTC,1621929600,98.78932690707235,93.84986056171873,96.22984828431824,96.15857460635837,171653476.5
USDT_BTC,1621926000,99.78060321220393,94.79157305159373,97.68186908485802,97.8244587124128,136260670.2
USDT_BTC,1621922400,97.70122324569525,92.81616208341048,94.68090487320066,95.12768422336812,170449875.4
USDT_BTC,1621918800,101.07696185739307,96.02311376452342,98.85895487646589,98.38563288495807,132080760
USDT_BTC,1621915200,104.21919361389902,99.00823393320407,102.60786778493994,100.43903624581357,189032893.7
USDT_BTC,1621911600,102.71186403067696,97.57627082914311,99.71646566965119,100.74714049101502,195647441.6
USDT_BTC,1621908000,98.63945084819542,93.70747830578564,96.92082893459086,94.91907784890358,162003769
USDT_BTC,1621904400,104.37133204306689,99.15276544091354,101.51048542184846,102.48134981771457,196553070.6
USDT_BTC,1621900800,105.62930497344158,100.3478397247695,102.96247229494865,103.15990377376504,287015032
USDT_BTC,1621897200,105.9901380269933,100.69063112564362,103.6334199514345,103.56851786627932,115041712.9
USDT_BTC,1621893600,111.04389605029615,105.49170124778134,109.79601112385716,108.09950137413193,144361546.1
USDT_BTC,1621890000,106.24405417672116,100.9318514678851,103.38888732772674,103.55923569976974,177481486.7
USDT_BTC,1621886400,103.89878870755405,98.70384927217634,100.81431506039979,101.15440695400123,355912949.1
USDT_BTC,1621882800,106.5168658185596,101.19102252763162,103.46556002724674,103.5969491916434,408708639.1
USDT_BTC,1621879200,106.79049790177147,101.4509730066829,104.3604703384995,103.96713146582721,199153943.9
USDT_BTC,1621875600,107.57829193419582,102.19937733748603,105.09454549393023,104.56445253449715,171593901.9
USDT_BTC,1621872000,108.60305587757209,103.17290308369348,105.80648846209229,106.2071324111232,302480511.1
USDT_BTC,1621868400,108.5043064656799,103.07909114239591,106.04508428229472,104.97108665731191,238789246.2
USDT_BTC,1621864800,112.57004151524234,106.94153943948021,109.7838436934056,109.41479567816707,239457597.7
USDT_BTC,1621861200,112.14879445637806,106.54135473355915,109.06082337889262,109.73161934857728,358809919.5
USDT_BTC,1621857600,110.52840698852008,105.00198663909407,107.91114538163802,108.33807172751187,399327461.5
USDT_BTC,1621854000,106.7693619118292,101.43089381623773,103.86730114336684,104.30179014873552,435104768.7
USDT_BTC,1621850400,113.68051254224092,107.99648691512887,110.79823821445927,110.84977865484939,280432789.7
USDT_BTC,1621846800,107.63812774100215,102.25622135395204,104.97995707348598,105.7391628745747,185294286.6
USDT_BTC,1621843200,114.81370071401781,109.07301567831692,112.57547800268756,113.06498379449572,279700863.7
USDT_BTC,1621839600,109.7712364052576,104.28267458499471,106.8907471495761,108.06270216352657,376728347
USDT_BTC,1621836000,107.98811601013283,102.58871020962619,104.88625844219686,106.19996995369111,203650917.3
USDT_BTC,1621832400,110.24613504393535,104.73382829173858,107.1609385535393,108.06641150977286,137212256.9
USDT_BTC,1621828800,116.62067799597604,110.78964409617723,113.20883516366568,112.84326746004753,196193251.4
USDT_BTC,1621825200,112.70545325744753,107.07018059457515,109.7642722849433,110.41588683006893,174595878
USDT_BTC,1621821600,113.52906272696018,107.85260959061216,112.423902826768,110.9692036987021,179974540.8
USDT_BTC,1621818000,114.70096882874876,108.96592038731131,110.74197515611232,113.08699268262137,179937146.7
USDT_BTC,1621814400,110.66643280356853,105.1331111633901,107.62930137557684,107.16855970711349,256829069.6
USDT_BTC,1621810800,109.93827794587179,104.4413640485782,107.21876104922295,107.43886571200272,152619772.4
USDT_BTC,1621807200,113.93125615545728,108.23469334768441,110.34380208379008,111.53600675632269,165634678.5
USDT_BTC,1621803600,113.33689981291019,107.67005482226467,109.63475404091919,110.13050868698235,185237221.1
USDT_BTC,1621800000,110.92480590200623,105.37856560690591,107.73310934765443,108.26438382228676,221720641.7
USDT_BTC,1621796400,108.77700475081738,103.3381545132765,106.10923361406638,105.85796732354066,232111472
USDT_BTC,1621792800,103.30278936167828,98.13764989359436,100.83236904425941,102.03958849940774,350535883.4
USDT_BTC,1621789200,108.07177432538016,102.66818560911115,105.53546888851254,105.82546036627727,463648115.5
USDT_BTC,1621785600,105.51698271403994,100.24113357833794,102.49201360794747,103.77149871281976,867393397.2
USDT_BTC,1621782000,105.21053638496919,99.95000956572072,101.57085805884337,102.49296768135062,259993343.8
USDT_BTC,1621778400,101.56791951437627,96.48952353865745,99.19691367861954,99.04429791378058,376212234.8
USDT_BTC,1621774800,102.7193837539613,97.58341456626323,100.55419933309132,100.16451336514766,589502627.6
USDT_BTC,1621771200,105.13497008607737,99.8782215817735,101.93767585349865,102.79303556556232,592868589.1
USDT_BTC,1621767600,103.37469133425392,98.20595676754122,101.08589731557616,100.58071305238595,238169414.1
USDT_BTC,1621764000,100.17011617079496,95.1616103622552,97.6369880239996,96.95923621972025,329386894.3
USDT_BTC,1621760400,95.62215528091903,90.84104751687308,92.99851439704327,93.00274525798521,480445609
USDT_BTC,1621756800,96.24792078937199,91.43552474990338,94.01679476848996,93.98370602202071,639511583
USDT_BTC,1621753200,95.41968859548896,90.6487041657145,92.94477107928816,93.28425817709031,264390431.6
USDT_BTC,1621749600,96.40755915314429,91.58718119548708,93.71974582035469,94.51735997438352,196634070.9
USDT_BTC,1621746000,94.40363645481142,89.68345463207085,92.77730218464325,92.20764832523592,163235104.2
USDT_BTC,1621742400,93.32932349171949,88.66285731713351,91.04548974387883,90.44567287988524,103763416.6
USDT_BTC,1621738800,94.13558174920452,89.42880266174429,91.11706766430073,91.64436307014272,98694700.73
USDT_BTC,1621735200,96.60885589294085,91.77841309829381,93.66446360531826,95.1685855093804,109207716.8
USDT_BTC,1621731600,92.70383054389544,88.06863901670066,89.83556498140041,90.58273359402207,96668700.48
USDT_BTC,1621728000,89.02308126731539,84.57192720394961,86.36174346708195,86.5267491546103,253656844.5
USDT_BTC,1621724400,90.66630842905619,86.13299300760337,88.1451863554748,88.4043494725515,102792663.3
USDT_BTC,1621720800,89.92596575530322,85.42966746753805,87.13174729213299,87.72203779163429,155459148.3
USDT_BTC,1621717200,89.02282472672682,84.57168349039048,85.70838505494942,86.98066032317023,119303179.6
USDT_BTC,1621713600,86.03253071717687,81.73090418131802,84.35750842378519,84.19905958644702,116526033.4
USDT_BTC,1621710000,90.08274468828502,85.57860745387076,87.77768885438263,87.76090213547049,131459106.9
USDT_BTC,1621706400,86.42634632062246,82.10502900459133,84.27408328204426,83.90097325533694,162528624.6
USDT_BTC,1621702800,89.90902239686181,85.41357127701872,87.26385836675387,87.93501069413982,156613161.6
USDT_BTC,1621699200,84.60903105157638,80.37857949899755,82.8777347476223,83.18607665795182,190456728.1
USDT_BTC,1621695600,83.34622396449237,79.17891276626774,80.64491370284635,81.54842254525462,254162630.1
USDT_BTC,1621692000,83.2971064468529,79.13225112451025,81.64869277971987,81.2177013528991,231202840.1
USDT_BTC,1621688400,81.0821580005326,77.02805010050596,79.718908617227,79.05284662866032,193106738
USDT_BTC,1621684800,81.66758379535356,77.58420460558588,79.67234451716064,80.5020572571591,199329515.8
USDT_BTC,1621681200,82.12738482360673,78.02101558242639,80.21989562841999,79.84317691504083,183042240
USDT_BTC,1621677600,79.22361216597055,75.26243155767202,76.59974944271463,77.29640672211123,350992503.8
USDT_BTC,1621674000,76.0763321835611,72.27251557438305,74.30417686222019,74.61839755874516,173903668.2
USDT_BTC,1621670400,74.34680677618029,70.62946643737126,72.6686980287972,72.78370343712537,214263890.7
USDT_BTC,1621666800,72.51812439882181,68.89221817888071,70.66038710160876,70.46504262551944,202860113.9
USDT_BTC,1621663200,75.45521764748315,71.682456765109,73.34181341366596,73.46529227334852,187152488
USDT_BTC,1621659600,75.03677617943914,71.28493737046719,74.05294279414287,73.28350105827948,269966548
USDT_BTC,1621656000,76.28035301712093,72.46633536626489,74.08742673180333,74.34338181450777,267565326.7
USDT_BTC,1621652400,74.4632864831073,70.74012215895193,72.83412315369202,72.35850127406222,301066254.6
USDT_BTC,1621648800,70.91402512011302,67.36832386410737,69.34759279092124,69.66807224345244,189873491.7
USDT_BTC,1621645200,72.21374255163936,68.60305542405739,70.31630950305355,69.90467612552212,184903880.5
USDT_BTC,1621641600,67.5959710668135,64.21617251347283,66.15514265309982,66.00412853337913,192036871.9
USDT_BTC,1621638000,75.88666458449049,72.09233135526596,73.52357599699282,74.18793812935957,219771768.9
USDT_BTC,1621634400,67.97056578290218,64.57203749375707,66.4116276485077,65.89765299123945,306559033.2
USDT_BTC,1621630800,71.36139635115731,67.79332653359944,69.68193908473198,70.48821514140496,664727326
USDT_BTC,1621627200,71.09507571918475,67.54032193322551,69.24405453527619,69.46479711510105,327179350.8
USDT_BTC,1621623600,64.68102562677376,61.446974345435066,63.14881233967161,63.01573985273617,402964564
USDT_BTC,1621620000,67.13524847119518,63.77848604763542,65.16693750560344,65.41132228006448,249743884.7
USDT_BTC,1621616400,67.75848542972506,64.3705611582388,65.61149869881177,66.10151418289423,311034909.1
USDT_BTC,1621612800,67.78413329020138,64.39492662569131,66.50873626686284,65.9917796916225,550012202.5
USDT_BTC,1621609200,64.31680543728925,61.10096516542478,62.87759168970921,62.99225421165764,709607192.7
USDT_BTC,1621605600,63.41763947261886,60.24675749898791,62.14129134187008,61.724815997613725,1250882884
USDT_BTC,1621602000,66.02665537449684,62.72532260577199,64.36286194861088,64.28547269121341,147670655.5
USDT_BTC,1621598400,64.78937065277522,61.54990212013645,63.107746439063675,63.00937546678306,237974697.1
USDT_BTC,1621594800,62.48984477628919,59.36535253747473,61.1396252175835,61.3144828866341,182600891.1
USDT_BTC,1621591200,66.83520723621233,63.493446874401705,65.45320401417506,64.99155318728477,203737395.7
USDT_BTC,1621587600,65.75648981397426,62.46866532327554,63.9996406221751,64.09936586239111,238171442
USDT_BTC,1621584000,64.13124473671589,60.924682499880085,62.39429554108481,62.65447050634229,248235070.9
USDT_BTC,1621580400,62.40195433651836,59.28185661969244,60.980512205948365,60.70995060769535,165296139.1
USDT_BTC,1621576800,63.08490064437935,59.93065561216038,61.07634685334574,60.966927619281684,238116764.8
USDT_BTC,1621573200,61.40412178604875,58.33391569674631,59.84698443154316,60.17957844434838,148378008.1
USDT_BTC,1621569600,64.3351106315564,61.11835509997858,62.22360290848846,62.74636049987661,213574191.3
USDT_BTC,1621566000,60.62443225447241,57.59321064174879,59.149246448064815,58.88526830161289,152410310.3
USDT_BTC,1621562400,59.22178679571868,56.26069745593274,57.8745281588194,58.00695374803254,132515885
USDT_BTC,1621558800,62.51235846797095,59.3867405445724,60.73492413300036,60.61764003059177,142890174.5
USDT_BTC,1621555200,63.28944199915959,60.12496989920161,61.33192443626937,62.40500727193195,269291869.3
USDT_BTC,1621551600,62.02942865839755,58.92795722547767,60.37019957832913,60.7899325666684,196905782
USDT_BTC,1621548000,62.80613837683605,59.665831457994244,61.0224125274175,61.10088979180446,260438184.2
USDT_BTC,1621544400,58.93190264581281,55.985307513522166,57.58087132754449,57.35319183550407,109676750.6
USDT_BTC,1621540800,62.61112244629132,59.48056632397675,61.1023993881078,60.73924087091222,165472490.4
USDT_BTC,1621537200,61.04738715641669,57.99501779859585,59.38599619366932,60.17153944001593,182616032.4
USDT_BTC,1621533600,64.59427852588874,61.3645645995943,62.7676634961902,63.144075513510295,197426013.9
USDT_BTC,1621530000,60.71311028764152,57.67745477325944,58.606785647473146,59.03824535774075,301348964.2
USDT_BTC,1621526400,61.55664228265806,58.47881016852516,60.179136178185985,59.558132851476245,752470655.2
USDT_BTC,1621522800,65.09833887049778,61.843421926972894,63.47063009260887,63.636772652425456,260651927.8
USDT_BTC,1621519200,62.85541381412681,59.71264312342047,61.19591792370723,60.73406539914538,364029177.3
USDT_BTC,1621515600,61.60290803180097,58.52276263021092,59.33013438539102,60.04728508898778,457114594.3
USDT_BTC,1621512000,65.53373969144678,62.25705270687444,63.92962343465035,64.31422000533274,501811327.1
USDT_BTC,1621508400,63.13655270527137,59.9797250700078,61.28799424805892,61.606597566248205,299574376.5
USDT_BTC,1621504800,63.41322686063586,60.24256551760406,61.979449291852,62.08415314210135,357527359.5
USDT_BTC,1621501200,64.95254401192335,61.70491681132718,63.82320914788448,63.34320774058865,301816562.1
USDT_BTC,1621497600,63.07535292685953,59.92158528051655,61.340992027702,61.641814554571745,235517317
USDT_BTC,1621494000,61.15652244244421,58.098696320322,59.346052696680744,59.67009558487702,352447232.4
USDT_BTC,1621490400,63.79076884778514,60.60123040539588,62.33487900898623,61.98756512725622,305992927
USDT_BTC,1621486800,62.99976029361135,59.84977227893078,61.252675884729825,61.42350655210874,283535563.4
USDT_BTC,1621483200,66.36246778624083,63.044344396928786,65.14888164382496,64.56612911443358,338106769.8
USDT_BTC,1621479600,68.08429699039127,64.6800821408717,66.11459242449958,66.75579056157476,272713561.6
USDT_BTC,1621476000,69.10049248706973,65.64546786271625,67.32770799167024,66.93721418169862,320029893.7
USDT_BTC,1621472400,70.4085500243385,66.88812252312157,68.1350932116621,68.8804150097936,545771871.6
USDT_BTC,1621468800,65.94847301767177,62.65104936678818,63.79502735838634,64.06086996276044,656901733.2
USDT_BTC,1621465200,69.33948722855334,65.87251286712566,67.494654089883,67.39739325451947,393986225
USDT_BTC,1621461600,67.60525275444205,64.22499011671994,65.69057181704963,65.31260629397653,288299570.2
USDT_BTC,1621458000,65.58367432001998,62.30449060401898,63.70105659074429,63.649070807165536,347224737.5
USDT_BTC,1621454400,66.14535177296159,62.83808418431351,64.50593264568543,64.74829223341109,403432674.2
USDT_BTC,1621450800,65.88727069379875,62.59290715910881,64.3465542237171,64.04365267976125,378677273.3
USDT_BTC,1621447200,68.21744742898396,64.80657505753476,66.27019048538583,66.20139365382433,466158744.4
USDT_BTC,1621443600,68.74337002159956,65.30620152051958,66.5673373508813,67.13496345856043,647031928.4
USDT_BTC,1621440000,69.18311553909979,65.7239597621448,67.81757745491463,67.8156512213504,958481252.3
USDT_BTC,1621436400,69.08811786259409,65.63371196946439,67.22674398579443,67.03949673335465,804241871.9
USDT_BTC,1621432800,69.03792174032075,65.58602565330472,67.14476594207434,67.90553548554948,858701434
USDT_BTC,1621429200,70.61943324220873,67.08846158009828,69.03182493943119,69.09851051355245,1514464825
USDT_BTC,1621425600,71.53885007032653,67.9619075668102,70.15319039079868,69.63282334744149,1123955119
USDT_BTC,1621422000,70.84174593462792,67.29965863789653,69.13366948047091,69.32908491752309,996784867.1
USDT_BTC,1621418400,73.38983723432868,69.72034537261224,70.92728883812882,70.93382372643123,357584419.9
USDT_BTC,1621414800,73.731384938933,70.04481569198636,72.1929274745702,71.9627818643652,214566485.8
USDT_BTC,1621411200,74.77732513432748,71.0384588776111,73.09562941633443,73.06707915795438,291574018
USDT_BTC,1621407600,71.34956221582357,67.78208410503238,69.64954494357022,70.10748685929482,415508158.8
USDT_BTC,1621404000,73.52978892838077,69.85329948196173,71.30352499933268,71.96368131963703,328101147.2
USDT_BTC,1621400400,70.04784802188887,66.54545562079443,67.4803163884562,68.40817920481197,495838977.1
USDT_BTC,1621396800,75.05016821967436,71.29765980869064,73.67295311369318,72.8600443510605,700936623.5
USDT_BTC,1621393200,69.90615149529685,66.410843920532,68.3054844188252,67.5403702453793,370711746.3
USDT_BTC,1621389600,71.40789005033606,67.83749554781926,69.52496351727602,69.52031101129256,351694034.6
USDT_BTC,1621386000,72.92678696097725,69.28044761292838,71.74619738532877,71.0117303935164,552531128.7
USDT_BTC,1621382400,71.72445988222063,68.13823688810959,69.68956447469232,69.36158763318201,217207672.7
USDT_BTC,1621378800,74.02491421406809,70.32366850336469,72.17112436044991,71.95561637483623,221078909.6
USDT_BTC,1621375200,73.53437244036107,69.85765381834301,71.49550545845825,71.93523304683937,129914174.6
USDT_BTC,1621371600,75.1237416060816,71.3675545257775,73.04317081327446,72.50433154556471,112746833.3
USDT_BTC,1621368000,78.96446637818121,75.01624305927216,77.12635641683721,76.72143912795377,162090244
USDT_BTC,1621364400,76.08657442055517,72.28224569952741,73.6169147008146,74.68418470687148,202187536.1
USDT_BTC,1621360800,75.48660200724535,71.71227190688307,73.43808169571544,73.73174712697345,259759114.6
USDT_BTC,1621357200,75.49370405084518,71.71901884830292,73.427288984629,72.95851587362439,193501724.9
USDT_BTC,1621353600,75.1598370951393,71.40184524038233,73.01829565462867,74.00713615942078,347060015.7
USDT_BTC,1621350000,81.36468320622632,77.296449045915,79.46541703769881,79.39697722445656,322009953.5
USDT_BTC,1621346400,77.61912131804496,73.73816525214271,75.76513827074729,75.9903780936086,382920221.9
USDT_BTC,1621342800,80.11344597799693,76.10777367909708,78.07544323383468,78.4384091434263,307606212.2
USDT_BTC,1621339200,79.48982441664404,75.51533319581183,77.94460885102569,77.39414888994524,276095596.4
USDT_BTC,1621335600,78.22714615474187,74.31578884700478,75.99776525830588,77.59188063126514,138183579.5
USDT_BTC,1621332000,80.53484897036196,76.50810652184386,77.74677442961534,78.75768838875196,131297325.1
USDT_BTC,1621328400,83.74454672883802,79.55731939239611,80.93311951644492,81.78834781107588,158936710.3
USDT_BTC,1621324800,81.31516636775538,77.2494080493676,79.71789931414786,79.61540903184563,162893077
USDT_BTC,1621321200,82.88708711797055,78.74273276207202,79.88270696871867,81.31046369629206,172213477.2
USDT_BTC,1621317600,80.91944513190533,76.87347287531006,78.30236265967369,79.18927092938644,216968005.9
USDT_BTC,1621314000,80.43607441593366,76.41427069513698,78.45029726204774,78.27485394490465,181299164.6
USDT_BTC,1621310400,86.489459397879,82.16498642798504,84.25247363639338,84.9607728195632,208363426.4
USDT_BTC,1621306800,81.69570751643478,77.61092214061304,79.91223398594947,79.18947894740083,122353911.3
USDT_BTC,1621303200,84.58130352692719,80.35223835058082,82.73661617052356,82.61110684030109,168042412.7
USDT_BTC,1621299600,85.32672204028519,81.06038593827093,83.38614801636467,82.38455024577985,294718581.9
USDT_BTC,1621296000,83.97619426814771,79.77738455474032,81.71743347592758,81.6948644037383,274430074
USDT_BTC,1621292400,85.99411065256415,81.69440511993594,83.61440924936882,84.08360265834061,231983959.4
USDT_BTC,1621288800,84.39778897437989,80.17789952566089,82.96184638999114,82.4388921264512,278747733.1
USDT_BTC,1621285200,83.3808325699833,79.21179094148413,81.38739624712585,81.3766231384004,182675946.8
USDT_BTC,1621281600,83.29326127350244,79.12859820982732,81.46684758476974,81.74708848090582,182869069.3
USDT_BTC,1621278000,85.58285573891021,81.3037129519647,83.25045779351184,83.27255994474933,242018960.8
USDT_BTC,1621274400,86.87800002899067,82.53410002754113,84.60821738077382,84.76772316896273,317930324.2
USDT_BTC,1621270800,85.3476926287628,81.08030799732465,83.41113741295533,82.56450997606031,392692743.9
USDT_BTC,1621267200,83.33045117538349,79.16392861661431,80.39820190700765,81.21916677970096,380442842.7
USDT_BTC,1621263600,86.15460886076868,81.84687841773024,83.69575173996509,83.88691895400831,273101584.4
USDT_BTC,1621260000,83.33887446819965,79.17193074478966,81.28934986853668,81.49944296175507,275591773.1
USDT_BTC,1621256400,86.54034652584528,82.21332919955302,84.49377799195706,84.43716241923245,195565400.4
USDT_BTC,1621252800,85.70457508657623,81.41934633224741,83.64219944930743,84.13368653862393,285964102.7
USDT_BTC,1621249200,86.65174529684059,82.31915803199855,84.55393982578646,84.26442996729651,299783585.9
USDT_BTC,1621245600,87.07887491736933,82.72493117150086,84.6377732792598,84.424040007598,255700269.5
USDT_BTC,1621242000,84.60639518484268,80.37607542560055,83.06498960343424,83.25036945630882,215813496.8
USDT_BTC,1621238400,83.99290948648137,79.7932640121573,82.11334376460404,81.33663448898159,305252998.6
USDT_BTC,1621234800,85.18774064215414,80.92835361004643,83.04434047760695,83.79897748320899,293636586.2
USDT_BTC,1621231200,86.83184897153644,82.49025652295961,84.31845431429748,84.97392452886992,515102067.9
USDT_BTC,1621227600,83.4252227053571,79.25396157008925,81.79312390852849,81.58072997437196,397210741.4
USDT_BTC,1621224000,86.34625680310148,82.0289439629464,84.1031461524015,83.57441694819897,570506419.3
USDT_BTC,1621220400,85.15203818945156,80.89443627997898,82.90606393483148,82.8139164716869,518776989
USDT_BTC,1621216800,88.17495976324827,83.76621177508585,86.53607810371945,85.42347811701785,255853933.5
USDT_BTC,1621213200,84.53875027535636,80.31181276158854,81.75612670861761,82.418973379078,290578727.6
USDT_BTC,1621209600,81.8782251433796,77.78431388621061,79.95035825332639,79.58265132392734,188955275.5
USDT_BTC,1621206000,85.44312250838684,81.17096638296749,83.13460909783213,82.89797782988524,180356384.6
USDT_BTC,1621202400,82.02809728942555,77.92669242495427,79.42210586074525,79.98653524026797,267417674
USDT_BTC,1621198800,82.29537920720831,78.18061024684789,80.07700002415332,79.87262427654176,340577449.1
USDT_BTC,1621195200,81.96995918120513,77.87146122214487,80.57122620583976,80.01862935521605,508083166.1
USDT_BTC,1621191600,83.21684957316785,79.05600709450945,80.40949329132316,81.19386603675147,510824938.2
USDT_BTC,1621188000,85.87740259417455,81.58353246446582,83.38747457803886,83.97831464099691,509186062
USDT_BTC,1621184400,83.34324560436939,79.17608332415091,80.92761901750352,81.1487276693359,397503893.3
USDT_BTC,1621180800,81.19731769108665,77.13745180653231,79.4051853269868,78.91475120319846,290162172.7
USDT_BTC,1621177200,80.79273538359953,76.75309861441956,78.58017768143999,78.85072943759803,208712774
USDT_BTC,1621173600,76.94958324129655,73.10210407923172,75.30460344301486,74.72099927022633,186287640.3
USDT_BTC,1621170000,80.29827959923746,76.28336561927559,78.76284236688304,78.28549148682737,148843563.1
USDT_BTC,1621166400,83.99158690700108,79.79200756165102,81.41827108792188,82.40582697864562,143016378.5
USDT_BTC,1621162800,84.99755627402004,80.74767846031904,83.14462828985893,83.25678545651213,121437654.4
USDT_BTC,1621159200,82.10216406910965,77.99705586565416,80.43884600349213,79.77384198677501,146516333.3
USDT_BTC,1621155600,84.21545337024742,80.00468070173504,82.41557038534317,82.60447142564843,146679299.8
USDT_BTC,1621152000,81.67501886000113,77.59126791700108,79.789616858258,79.59101870449852,124722726.9
USDT_BTC,1621148400,80.48782531504375,76.46343404929156,78.17056468028055,79.56627534027561,131681355.2
USDT_BTC,1621144800,84.37221849945445,80.15360757448173,82.08473467461313,81.77824841406814,205784967.3
USDT_BTC,1621141200,81.07113927698023,77.01758231313121,78.4619681967521,80.0569335107713,79543003.64
USDT_BTC,1621137600,83.54268513654765,79.36555087972026,81.09502856207156,81.45940160525207,110028077.6
USDT_BTC,1621134000,82.28301624674552,78.16886543440823,80.11800299556893,80.71828348642545,105856132.6
USDT_BTC,1621130400,81.11925278622898,77.06329014691752,78.27973429950163,78.95625506378671,103498165.9
USDT_BTC,1621126800,79.26392648620696,75.30073016189661,77.20589749467165,77.64851633127225,143829883.4
USDT_BTC,1621123200,82.11689037633822,78.01104585752131,80.43246790057874,79.66753944206624,256947912.2
USDT_BTC,1621119600,79.20719718418854,75.24683732497911,77.25135947543421,76.78630028087662,236139758.3
USDT_BTC,1621116000,80.60471093575359,76.57447538896591,79.13278242372073,78.97234817468986,140828211.4
USDT_BTC,1621112400,82.21158403882578,78.10100483688448,80.39054592896018,80.17772065684015,85996600.74
USDT_BTC,1621108800,81.74753044959957,77.66015392711958,79.79841998192866,79.61502751089851,150580054.5
USDT_BTC,1621105200,81.9696357298939,77.8711539433992,79.93599058813975,80.34445034862335,260847281.8
USDT_BTC,1621101600,82.93907107691992,78.79211752307391,80.71388538873587,80.8686368972843,151100555.7
USDT_BTC,1621098000,78.74291149699887,74.80576592214892,77.43519278012083,76.87697702657746,234686773.4
USDT_BTC,1621094400,79.2041885232863,75.243979097122,77.49616553019953,76.93415117170888,322666496.8
USDT_BTC,1621090800,81.09535923246068,77.04059127083764,78.91564802411587,79.70754939042796,158925705.1
USDT_BTC,1621087200,83.16447569487812,79.00625191013421,80.82122788114621,80.59311652342524,257950577.3
USDT_BTC,1621083600,80.62050189393722,76.58947679924036,79.0220089285434,78.69955779887079,159029983.1
USDT_BTC,1621080000,81.98183741944074,77.88274554846869,79.38482313906597,79.97385513920094,157164463.4
USDT_BTC,1621076400,79.61287136685962,75.63222779851664,77.56793373281464,77.51922315736252,147188576.5
USDT_BTC,1621072800,84.79882334398553,80.55888217678626,82.853326878204,82.92194823613622,264491723.5
USDT_BTC,1621069200,84.56798243494325,80.33958331319609,82.25340485611622,82.24764431392039,184124060.3
USDT_BTC,1621065600,83.97720578419005,79.77834549498054,82.58185119770727,82.13130624920825,186760891.2
USDT_BTC,1621062000,86.23479733210765,81.92305746550225,84.34735497414438,84.37225618794741,223648474.3
USDT_BTC,1621058400,81.94439711487581,77.84717725913202,79.46961150310963,79.51080513021364,220003403
USDT_BTC,1621054800,86.87991825957322,82.53592234659455,84.98261423510107,84.31691807942326,137281382.2
USDT_BTC,1621051200,82.44797912811474,78.32558017170899,80.7129240192764,80.63858842779038,144844769.4
USDT_BTC,1621047600,87.86421748006617,83.47100660606286,85.98414821352463,85.49162532621602,112008453.1
USDT_BTC,1621044000,83.00211436885985,78.85200865041685,80.25683451810906,80.80756572720166,107930677
USDT_BTC,1621040400,84.51974243997317,80.29375531797452,82.44176867945654,81.47591171857788,145524662
USDT_BTC,1621036800,87.04151301583147,82.6894373650399,84.77391550509158,84.72205600735839,161052312.5
USDT_BTC,1621033200,80.426070454158,76.40476693145008,77.75989238276554,78.21712737808505,115238535.8
USDT_BTC,1621029600,79.4088108961904,75.43837035138088,77.80195333772704,77.39887371867113,101859821.7
USDT_BTC,1621026000,82.12972750800412,78.02324113260391,79.96963396585843,80.55304552037347,117047918.6
USDT_BTC,1621022400,81.61880668279085,77.5378663486513,78.3881656954736,79.78147843061348,209466633.5
USDT_BTC,1621018800,80.18812013660683,76.17871412977648,78.04742605059059,78.05819374418647,133292453.3
USDT_BTC,1621015200,79.05245985777702,75.09983686488818,77.38799090894351,76.61038332783869,173741355.8
USDT_BTC,1621011600,84.6377527984379,80.40586515851601,82.58883640054262,82.5279904265204,133616105.2
USDT_BTC,1621008000,87.8645660471079,83.4713377447525,85.11942785621122,85.04326023846468,191212371.6
USDT_BTC,1621004400,80.76323540127608,76.72507363121227,79.40992137018148,78.18922665420111,218352818.2
USDT_BTC,1621000800,79.04627240777032,75.0939587873818,77.25422335854735,77.64041820845422,152517810.1
USDT_BTC,1620997200,83.56400845645302,79.38580803363037,81.2842026446776,80.66711351377714,164858530.6
USDT_BTC,1620993600,79.8985799818181,75.9036509827272,77.86835648647693,78.00761927305263,168070633.4
USDT_BTC,1620990000,83.49914810492947,79.324190699683,81.63138590223498,81.26983677159065,176243214.8
USDT_BTC,1620986400,83.81861080593416,79.62768026563745,82.07009390818783,81.33888035690968,199978548.7
USDT_BTC,1620982800,77.41982183041091,73.54883073889036,75.43494285875587,75.97457823601518,204007041.1
USDT_BTC,1620979200,80.5005503813299,76.4755228622634,78.83155472815925,78.20564640233063,172581504.8
USDT_BTC,1620975600,80.63224020760367,76.60062819722349,79.31088564994685,79.12121486003105,208219279.8
USDT_BTC,1620972000,83.67539584086548,79.4916260488222,81.2213349201014,82.05621206360777,169482635.1
USDT_BTC,1620968400,84.3121580129057,80.0965501122604,81.72301575522386,81.80507041136403,132162981.3
USDT_BTC,1620964800,83.36040070287353,79.19238066772985,81.62577095819822,80.90773983010618,193500416.2
USDT_BTC,1620961200,83.54446978277988,79.36724629364089,82.14685635823072,81.06651663978248,137960403.5
USDT_BTC,1620957600,82.83148832063495,78.6899139046032,81.11613797754738,80.75260495609353,156120749.2
USDT_BTC,1620954000,82.15138642120462,78.04381710014438,80.39609783051924,79.75070235944911,163132723.8
USDT_BTC,1620950400,86.42998058023325,82.10848155122159,84.20638151490253,84.6820083568369,223240429.3
USDT_BTC,1620946800,81.85660391269549,77.76377371706072,79.88625888949615,80.17514401234945,186472761.5
USDT_BTC,1620943200,81.4165300160568,77.34570351525396,79.90816341419215,79.85935577427331,176481652.1
USDT_BTC,1620939600,81.96692983161397,77.86858334003327,79.8210509606292,79.15200781405912,128484104.8
USDT_BTC,1620936000,82.73083770883916,78.5942958233972,80.94942457520875,80.80724960324406,199796526.9
USDT_BTC,1620932400,83.5746512479732,79.39591868557453,80.82378020889789,81.79272730581522,239925381.6
USDT_BTC,1620928800,82.41767531513412,78.2967915493774,80.39847298456505,80.3544280818017,308258295.1
USDT_BTC,1620925200,87.0064492440608,82.65612678185776,85.24159053369297,84.42324088770246,558009110.9
USDT_BTC,1620921600,85.36859788210815,81.10016798800274,83.01676389568438,83.79652173697201,297604819.9
USDT_BTC,1620918000,82.9364239454506,78.78960274817807,81.12992015204655,80.81090025795606,248565796.1
USDT_BTC,1620914400,83.9969207978683,79.79707475797488,82.4946229897193,82.51615498446486,189652725.6
USDT_BTC,1620910800,85.6674506902001,81.38407815569009,83.9096054688809,83.05645063406618,199239936.8
USDT_BTC,1620907200,85.37715235815011,81.1082947402426,83.10680770653774,82.90496529101601,229794940
USDT_BTC,1620903600,84.68871653204681,80.45428070544446,82.16885785473207,82.10730639787329,301930927.9
USDT_BTC,1620900000,83.77511290452387,79.58635725929767,81.29508781611221,81.56065847166985,435431030.9
USDT_BTC,1620896400,86.37169690535022,82.05311206008271,83.60304488290022,84.32136091348667,428217306.2
USDT_BTC,1620892800,85.33754955348446,81.07067207581024,83.07867844963168,83.17002170969074,232592649.4
USDT_BTC,1620889200,82.87012188681138,78.72661579247081,80.56202981191792,81.08450408397931,185205321.5
USDT_BTC,1620885600,84.53243463701688,80.30581290516604,82.08818106636068,82.13122360061742,203717849.2
USDT_BTC,1620882000,86.63604272486718,82.30424058862381,84.96766271902881,83.93846261067547,191208599.8
USDT_BTC,1620878400,88.63444881721995,84.20272637635895,86.12373419912838,85.99300919751647,240732752.7
USDT_BTC,1620874800,85.83128900392656,81.53972455373022,83.56765257460364,83.35422652538304,311852531.9
USDT_BTC,1620871200,87.4454963850628,83.07322156580965,85.25812284298262,84.89266825723249,331628873.6
USDT_BTC,1620867600,89.50069731835184,85.02566245243425,87.15099985177913,87.82523256392679,505260633.4
USDT_BTC,1620864000,86.11188856578575,81.80629413749645,83.56566889993333,84.22500499584892,973630160.7
USDT_BTC,1620860400,87.96436459998688,83.56614636998754,85.3876513421578,85.73631938041044,715069364.2
USDT_BTC,1620856800,86.30687797293224,81.99153407428562,85.06391794826042,83.53368535737584,676718908.2
USDT_BTC,1620853200,85.75654383752638,81.46871664565006,83.05425246316473,83.40017895444565,103145563.7
USDT_BTC,1620849600,86.79695856944336,82.4571106409712,84.44469424760358,85.19972378855196,140526229.3
USDT_BTC,1620846000,90.03407391052882,85.53237021500237,87.5934587101771,87.81926167145993,247466595.7
USDT_BTC,1620842400,88.30800693272336,83.89260658608718,86.1958635751692,86.45943127168394,343628062.1
USDT_BTC,1620838800,87.69409663142264,83.3093917998515,86.31635331062488,84.85240583291298,165238473.4
USDT_BTC,1620835200,88.1221912089016,83.71608164845651,85.53457742598523,85.9936095511749,354067709.4
USDT_BTC,1620831600,88.07376011897263,83.67007211302399,85.91074316409707,85.91225250084716,326193530.1
USDT_BTC,1620828000,91.01875271151822,86.4678150759423,88.29313093754668,89.36332284148995,205842239.1
USDT_BTC,1620824400,90.23213522562367,85.72052846434248,88.181476505711,87.19623658559837,224847297.4
USDT_BTC,1620820800,86.11283740410579,81.8071955339005,83.94677112764045,83.63516940712088,153517969.4
USDT_BTC,1620817200,90.76284195116268,86.22469985360455,88.33397747351586,88.17927384735151,153140805.4
USDT_BTC,1620813600,86.94631498265859,82.59899923352566,84.38158523872927,84.60121789496101,219724244.7
USDT_BTC,1620810000,86.49666203505129,82.17182893329871,84.55147117719721,84.19180792814606,123128929.4
USDT_BTC,1620806400,85.83726002292923,81.54539702178276,83.5550936061246,83.53664246723179,189342722.1
USDT_BTC,1620802800,86.81720144899376,82.47634137654407,84.93216105003786,85.11173412689207,109394739.3
USDT_BTC,1620799200,85.48218133910234,81.20807227214722,83.17450296366115,83.61037063822805,143780815
USDT_BTC,1620795600,86.74932863798776,82.41186220608837,85.39835092149836,84.19635209513439,111754604.4
USDT_BTC,1620792000,83.68038495283758,79.4963657051957,81.7571285887217,80.88301196853621,155892290.9
USDT_BTC,1620788400,86.19665004744014,81.88681754506813,84.6298558478652,83.98720298867869,190172794.7
USDT_BTC,1620784800,87.3341511844542,82.96744362523148,85.25269550287108,85.19337440079504,127630722.6
USDT_BTC,1620781200,86.87382665217666,82.53013531956782,84.14257424720729,84.9387018969704,115276733.3
USDT_BTC,1620777600,86.20868242582543,81.89824830453415,84.62523827465755,84.16096687461628,180613749.4
USDT_BTC,1620774000,83.97297556493479,79.77432678668804,82.24872038393478,81.4874759859892,81179727.96
USDT_BTC,1620770400,87.08357173675196,82.72939314991436,85.17972311991502,85.20053794538875,82046392.84
USDT_BTC,1620766800,81.39061333964969,77.3210826726672,79.04910785109594,79.69652099277296,85140145.15
USDT_BTC,1620763200,82.90987472133006,78.76438098526354,80.93579942508886,81.39858974467822,92373309.9
USDT_BTC,1620759600,79.03391888003937,75.0822229360374,77.11581694948129,77.68248378548138,106475487.4
USDT_BTC,1620756000,78.04196672588097,74.13986838958692,75.45360338095514,75.40775547148144,114921068
USDT_BTC,1620752400,81.76336333136204,77.67519516479393,80.08899367893294,79.94571375153066,124546833.9
USDT_BTC,1620748800,83.29019007621935,79.12568057240837,81.58134822798544,81.36279526827657,196021598.7
USDT_BTC,1620745200,77.82442224037325,73.93320112835458,76.73118181598818,75.39018015828296,169655496.4
USDT_BTC,1620741600,77.72500903979969,73.83875858780969,75.28591078594391,76.062075921249,173825464.5
USDT_BTC,1620738000,77.5197523581916,73.64376474028201,75.52521476543787,76.165642740476,214886710.9
USDT_BTC,1620734400,76.84527043839677,73.00300691647692,75.11862721716216,75.00491690348747,212945648.8
USDT_BTC,1620730800,73.86255479946179,70.1694270594887,71.72273017596638,72.16801659865627,152021385
USDT_BTC,1620727200,73.53849061350698,69.86156608283163,72.05181562699448,71.26768045662783,143067532.9
USDT_BTC,1620723600,74.47666857578818,70.75283514699876,72.52176531141896,72.90813960979709,143200712
USDT_BTC,1620720000,73.71099957852292,70.02544959959677,72.5695553934586,71.84665546575268,174033659.9
USDT_BTC,1620716400,74.26383920333586,70.55064724316907,72.5212680354427,72.32683075583189,108985479.5
USDT_BTC,1620712800,71.66270273499586,68.07956759824606,69.59625306352989,69.33509996343491,140932264
USDT_BTC,1620709200,72.38391107693892,68.76471552309197,70.26336441786437,70.3917588529793,129084658.7
USDT_BTC,1620705600,68.0145276458437,64.61380126355151,65.93338512015484,66.7380303761491,146422537.9
USDT_BTC,1620702000,69.30010462417832,65.8350993929694,67.90198922905255,67.22478021622732,192696232.3
USDT_BTC,1620698400,67.4973374515022,64.12247057892709,65.89639585295659,65.82077564437171,199929706.3
USDT_BTC,1620694800,67.82584919540312,64.43455673563297,66.06866882875481,66.10226700249173,200051672.7
USDT_BTC,1620691200,71.10821063477762,67.55280010303873,69.36282446030779,69.42753970437217,198586929.2
USDT_BTC,1620687600,68.0565319927218,64.6537053930857,66.48951093653673,66.32993729992326,166505745.4
USDT_BTC,1620684000,65.22867099008427,61.96723744058005,63.760581643666306,63.6412285129027,188409471.2
USDT_BTC,1620680400,62.58868520359208,59.45925094341247,61.093497696754156,61.20113722763181,167433158.8
USDT_BTC,1620676800,70.76267801408987,67.22454411338538,69.05712421094519,69.55503988785546,628919850
USDT_BTC,1620673200,66.24431318847817,62.93209752905426,64.27838914944547,64.97724519874329,351004098.6
USDT_BTC,1620669600,68.87644666522041,65.43262433195939,66.86532620083459,67.43100618253634,250966493
USDT_BTC,1620666000,66.16320285226197,62.85504270964887,64.38241627799482,64.18175342283143,234213812.8
USDT_BTC,1620662400,65.65042917163743,62.36790771305555,64.168308960309,63.949440433169855,246192433
USDT_BTC,1620658800,68.09536435523627,64.69059613747446,66.21791288018576,66.34372250628377,315255459.1
USDT_BTC,1620655200,66.72034672749487,63.384329391120126,65.19878153001248,64.73353873273344,234834031.1
USDT_BTC,1620651600,63.24734817790234,60.08498076900722,61.646625777276206,61.9152930953088,196355379.5
USDT_BTC,1620648000,68.37599292229777,64.95719327618288,66.38771051368334,66.03918311610018,202636698.6
USDT_BTC,1620644400,65.80115584752848,62.51109805515205,64.25351621201722,63.461453280424884,209370685.5
USDT_BTC,1620640800,65.72357102141423,62.43739247034352,63.785300830715165,64.47586417967084,156187329.4
USDT_BTC,1620637200,66.22450204485295,62.9132769426103,64.78809945088932,64.4032987167934,189540888.7
USDT_BTC,1620633600,65.97456975470755,62.675841266972164,63.97066624347971,63.977808269395155,168957552.9
USDT_BTC,1620630000,63.994824150740214,60.7950829432032,61.89016145909849,62.381533741024676,146907008.7
USDT_BTC,1620626400,63.36638175771614,60.19806266983033,62.25496886691602,62.03399966167782,106084476.6
USDT_BTC,1620622800,65.24839616082724,61.985976352785876,63.16928222564321,64.17453351588325,148774470.5
USDT_BTC,1620619200,64.0858528021814,60.88156016207233,62.78462476910029,63.35207931828003,181527842.5
USDT_BTC,1620615600,64.96734212935898,61.71897502289103,63.333859066090625,63.57638731764072,212740172
USDT_BTC,1620612000,61.13841505046305,58.0814942979399,59.46807012870911,59.43802482132546,127334860.2
USDT_BTC,1620608400,62.94312044184946,59.795964419756984,61.247722744396505,61.67248349347298,141956981.8
USDT_BTC,1620604800,61.490389163253155,58.41586970509049,59.6051525910683,60.35274696492544,159673740.2
USDT_BTC,1620601200,65.80101711802865,62.51096626212722,63.91880349132751,64.10996697841495,118302824
USDT_BTC,1620597600,65.34960385997564,62.08212366697686,63.78370264764259,63.50787811609757,128249358.8
USDT_BTC,1620594000,66.1905793961264,62.88105042632007,64.48216981818315,64.2422229078255,111504698.6
USDT_BTC,1620590400,64.30190766060517,61.08681227757491,62.472838573628046,62.54770808001342,154297201.6
USDT_BTC,1620586800,65.30973223315738,62.044245621499506,63.99850538016967,63.61967405858214,142841978.4
USDT_BTC,1620583200,58.76323624990091,55.82507443740587,57.63138503049695,57.49163288742417,87961358.68
USDT_BTC,1620579600,60.70362108197241,57.668440027873785,58.80861410877955,59.09231802502987,92803132.3
USDT_BTC,1620576000,60.89508865973995,57.85033422675295,59.994687303146286,59.58466862638929,144133783.7
USDT_BTC,1620572400,63.48161441570343,60.307533694918256,61.461626373543226,62.28428877595637,108258429.3
USDT_BTC,1620568800,64.45213872140886,61.22953178533841,62.96190125866682,63.36500628126379,128578309.9
USDT_BTC,1620565200,64.12218707184368,60.91607771825149,62.35083223337381,62.261228737503636,202331949.6
USDT_BTC,1620561600,64.44759941283107,61.22521944218951,63.53817459236296,62.7376671271952,418959979.9
USDT_BTC,1620558000,61.79519899246414,58.70543904284093,60.44706336097106,60.73688478622801,125199288.1
USDT_BTC,1620554400,63.736101395186814,60.54929632542747,61.53723350888562,62.057268547131606,142785493.3
USDT_BTC,1620550800,62.760469297822276,59.622445832931156,61.75318433435118,61.1444386884352,168676077.6
